MD_ft,Deviation,Azimuth,TVD_ft,WellName,DL,CF,North,East,Res
478.6745407,0.0,0.0,478.6745407,15/9-F-12,1e-06,1.0000000000000835,0.0,0.0,0.0
570.8661417,0.0020943951023931952,2.9009117497397754,570.8661417,15/9-F-12,0.0020953951023706353,1.0000003658902135,-0.09376002442028634,0.023012320104041594,0.09654278355145747
669.2913386,0.0013962634015954637,2.788861611761739,669.2913386,15/9-F-12,0.000724923372123613,1.000000043792827,-0.25834287732465777,0.07131860779042076,0.26800631724186474
767.7165354,0.002617993877991494,1.976934443733977,767.7165354,15/9-F-12,0.0019433844736286253,1.00000031472872,-0.37372550520934505,0.21341421891571705,0.43036772890097813
866.1417323,0.004363323129985824,1.6432274907526614,866.1417323,15/9-F-12,0.0020762094810561674,1.000000359220639,-0.4401644414470191,0.5459386920124782,0.7012801087658639
964.5669291,0.005934119456780721,1.4620623143956497,964.5669291,15/9-F-12,0.0018216824458455085,1.0000002765440028,-0.42401272289376235,1.050412665637256,1.132763681138722
1062.992126,0.006283185307179586,1.422617873300578,1062.992126,15/9-F-12,0.00042508652533941317,1.0000000150582131,-0.34667072562316076,1.6465411509408718,1.682640292440954
1161.417323,0.008028514559173916,1.3850932943827,1161.417323,15/9-F-12,0.001766558119224202,1.0000002600607134,-0.22806969309226488,2.340669486132391,2.3517545425104363
1259.84252,0.011344640137963142,1.1679743354346053,1259.84252,15/9-F-12,0.003909109324539682,1.0000012734299217,0.06373847142730521,3.242578415311995,3.2432047996059605
1358.267717,0.019024088846738195,0.6782349473249965,1358.234908,15/9-F-12,0.010475146880120398,1.000009144158851,1.0115815422172778,4.343559895566367,4.459799298502926
1456.692913,0.050789081233034994,0.4839798015780276,1456.594488,15/9-F-12,0.03233285515756398,1.000087126901929,3.952263189586081,6.0935966822513805,7.263078193555552
1555.11811,0.08464846872172498,0.4539601384437251,1554.790026,15/9-F-12,0.033917465799285014,1.0000958772368667,9.903664441326399,9.081023515180789,13.436798630985708
1653.543307,0.11327186845443199,0.4876449930072157,1652.755906,15/9-F-12,0.02881319892486102,1.0000691891134457,18.55776458618365,13.512242905772002,22.955856219727416
1751.968504,0.13421581947836395,0.5309291584566751,1750.426509,15/9-F-12,0.021610802235580467,1.0000389207154747,29.151040865413368,19.45312529404869,35.04578815268615
1850.393701,0.1213003830136059,0.5590289594137837,1848.031496,15/9-F-12,0.013402233849723444,1.0000149685915458,39.87831676722706,25.945836051727145,47.57590310872098
1948.818898,0.09669124056048586,0.5246459731494955,1945.866142,15/9-F-12,0.024889148836439928,1.0000516256755403,49.03917109461491,31.484186143405044,58.2760180413821
2047.244094,0.08552113334772216,0.3101450080793923,2043.897638,15/9-F-12,0.022423129755786007,1.0000419018358155,57.15455447350662,35.1470765527467,67.09664736236581
2145.669291,0.08866272600131195,0.0066322511575784525,2141.961942,15/9-F-12,0.0264833857530225,1.0000584515763653,65.51558865009979,36.45897530973957,74.97699138272543
2244.094488,0.10384709049366261,5.8410934076494225,2239.927822,15/9-F-12,0.04525899497382089,1.000170733024809,74.48558132339294,34.304968237407685,82.0056868202037
2342.519685,0.11152653920243766,5.588195199035445,2337.795276,15/9-F-12,0.02816083357675415,1.000066091286904,83.30388512397103,28.614613146941625,88.08140190923898
2440.944882,0.11868238913561441,5.301263070007577,2435.564304,15/9-F-12,0.0335989186097839,1.000094084565414,90.74780152409235,20.260877255751268,92.98207692146201
2539.370079,0.1473057888683214,5.030038904247657,2533.136483,15/9-F-12,0.045719727784711464,1.0001742275444867,96.24123229314004,8.551572125055854,96.62041284900502
2637.795276,0.19442967867216832,4.85986930217821,2630.11811,15/9-F-12,0.05513913480227716,1.0002534374023608,99.8953854865633,-7.7193063667096755,100.19319204562856
2736.220472,0.2293362637120549,4.751484355629363,2726.345144,15/9-F-12,0.04164299989253664,1.0001445366847326,101.73011829133578,-28.30629380774932,105.5948068642573
2834.645669,0.2584832622203602,4.647113666360101,2821.883202,15/9-F-12,0.038498961269020686,1.0001235324778786,101.34679659562966,-52.04089998503389,113.9272945849599
2929.790026,0.26162485487395,4.608367356965828,2913.812336,15/9-F-12,0.010446801803172992,1.000009094738249,99.27595059321511,-76.41341780516422,125.27858870075555
2962.598425,0.2532472744643772,4.59248486077268,2945.538058,15/9-F-12,0.009303199960337457,1.0000072125232158,98.34374790808843,-84.71404220222938,129.79969837734888
2995.406824,0.2457423586808016,4.573635304851141,2977.329396,15/9-F-12,0.008831639541272227,1.0000064998721134,97.30015167665042,-92.74704082304342,134.4222195090174
3028.215223,0.24102996970041693,4.555483880630399,3009.186352,15/9-F-12,0.006430542608484475,1.0000034460041032,96.13631054122219,-100.56709707705204,139.12559512535253
3061.023622,0.2405063709248186,4.547455366071226,3041.043307,15/9-F-12,0.0019856959087329214,1.0000003285824832,94.88288796400028,-108.2890912718745,143.97669852055017
3093.832021,0.24190263432641407,4.547106300220826,3072.900262,15/9-F-12,0.0013997508791922908,1.0000001632752422,93.59479907866914,-116.0195330747922,149.0654838299908
3126.64042,0.24364796357840843,4.547978964846823,3104.757218,15/9-F-12,0.0017588919064281247,1.0000002578084746,92.30053944018805,-123.79966895016831,154.42068389021264
3159.448819,0.24661502330679877,4.561941598862778,3136.581365,15/9-F-12,0.004504868426735143,1.0000016911567273,91.05260754786845,-131.6631419709165,160.08048068056226
3192.257218,0.25185101106278174,4.594230190024674,3168.372703,15/9-F-12,0.00953169032777343,1.0000075711621617,89.97048665410162,-139.6819799930007,166.1497637781677
3225.065617,0.2565634000431664,4.62302812268258,3200.131234,15/9-F-12,0.008640798258296117,1.0000062219960006,89.11709865377806,-147.88749180525124,172.66316197995295
3257.874016,0.26022859147235455,4.639085151800928,3231.824147,15/9-F-12,0.005502592486210673,1.000002523217979,88.43648415940356,-156.24308883182846,179.53527379929292
3290.682415,0.26249751949994715,4.65060432486409,3263.51706,15/9-F-12,0.0037436578531830408,1.000001167916147,87.86452151772698,-164.70124603476054,186.67264016706315
3323.490814,0.26406831582674206,4.668581216159632,3295.209974,15/9-F-12,0.004936097233487968,1.000002030426272,87.41417423483999,-173.227473560108,194.0334905452584
3356.299213,0.2642428487519415,4.679053191671597,3326.870079,15/9-F-12,0.0027407255546224216,1.0000006259651841,87.08386587157202,-181.78707446160573,201.56919441335108
3389.107612,0.2630211182755455,4.688128903781969,3358.562992,15/9-F-12,0.00266293921488948,1.0000005909375242,86.83760664287549,-190.33294255161942,209.20659393962904
3421.91601,0.2537708732399755,4.69982260977033,3390.288714,15/9-F-12,0.00972174313944286,1.000007876098578,86.68239293359179,-198.71487283129323,216.79815019748358
3454.724409,0.2483603525587931,4.70610579507751,3422.047244,15/9-F-12,0.005632170482259209,1.0000026434537472,86.60530499341473,-206.86525717880883,224.2625993799615
3487.532808,0.24696408915719764,4.706280328002709,3453.871391,15/9-F-12,0.0013979187526710686,1.0000001628481017,86.55547213578137,-214.9076933968476,231.68333223993798
3520.341207,0.24818581963359368,4.698775412219135,3485.66273,15/9-F-12,0.0022089182117615057,1.0000004066101706,86.47611954559169,-222.9470624864964,239.13074232105998
3553.149606,0.2509783464367846,4.6762606648684075,3517.454068,15/9-F-12,0.006223707688327335,1.0000032278906188,86.27410787645196,-231.04769097602878,246.62979786561104
3585.958005,0.25464353786597266,4.639434217651327,3549.245407,15/9-F-12,0.009914011668019496,1.0000081907161174,85.82575085796698,-239.2403451408632,254.1692393926794
3618.766404,0.25603980126756815,4.59859351315466,3580.971129,15/9-F-12,0.010409748289217974,1.0000090303361424,85.0528149083096,-247.48917107749506,261.6961427389651
3651.574803,0.25865779514555964,4.554611216004402,3612.69685,15/9-F-12,0.011496365978327127,1.000011014014794,83.92179221545938,-255.76058117640255,269.17715744904126
3684.383202,0.2642428487519415,4.513246912732137,3644.389764,15/9-F-12,0.012062594493445248,1.0000121256919292,82.41491369270405,-264.1042327051828,276.6645328403502
3717.191601,0.2741912254883092,4.474849669188261,3676.01706,15/9-F-12,0.014256675952526398,1.0000169380783726,80.52210723862378,-272.62114180258493,284.264131947549
3750.0,0.2867575961026683,4.44133934754997,3707.545932,15/9-F-12,0.015618591565522826,1.0000203288627774,78.23458705594362,-281.4087625759711,292.08139664544416
3782.808399,0.3068288825006031,4.402942104006096,3738.910761,15/9-F-12,0.02299672564199034,1.0000440731133267,75.48332866008435,-290.59893525244365,300.24235889604296
3815.616798,0.3284709652253328,4.372747907946593,3770.07874,15/9-F-12,0.023606337821381353,1.0000464408534058,72.21131975865792,-300.3083530895057,308.86822697813767
3848.425197,0.346273323595675,4.344997172839883,3801.049869,15/9-F-12,0.02003198139284578,1.0000334413651468,68.4484459703108,-310.4942838554325,317.9495086686697
3881.233596,0.3581415625092364,4.332256269300324,3831.856955,15/9-F-12,0.012656738201006917,1.0000133496323427,64.31505424449693,-321.0301455302369,327.4091943449934
3914.041995,0.3626794185644217,4.329812808347533,3862.532808,15/9-F-12,0.004619944466993746,1.0000017786610362,60.0088246262225,-331.7690702131897,337.15245065570133
3946.850394,0.3642502148912166,4.328416544945937,3893.208661,15/9-F-12,0.0016483631402330501,1.0000002264251484,55.646998079770405,-342.5866621166109,347.0766622167081
3979.658793,0.35901422713523357,4.337143191205909,3923.884514,15/9-F-12,0.006079461001651692,1.0000030799985562,51.34541168115116,-353.3677276153966,357.0785658938044
4012.467192,0.3467969223712733,4.353200220324257,3954.691601,15/9-F-12,0.01341936520833301,1.0000150068837925,47.273071255671134,-363.9502345473759,367.0075155811304
4045.275591,0.33545228223331014,4.3758895006001834,3985.597113,15/9-F-12,0.013650214149840127,1.000015527651519,43.530049788417706,-374.2674890912657,376.7904173745172
4078.08399,0.3295181627765294,4.395611721147719,4016.60105,15/9-F-12,0.008755821931481292,1.0000063887504536,40.09343137385133,-384.40896714670714,386.4941620026465
4110.892388,0.32864549815053223,4.406258229584885,4047.670604,15/9-F-12,0.00355060353190776,1.0000010505667778,36.84424253788818,-394.5015289102967,396.21831674059746
4143.700787,0.33283428835531864,4.408701690537677,4078.674541,15/9-F-12,0.004264282261078287,1.000001515344689,33.6458353668996,-404.66439609423196,406.0607290835276
4176.509186,0.3377212102609028,4.408701690537677,4109.678478,15/9-F-12,0.0048879219055856975,1.0000019909864697,30.417694529013808,-414.96540603471857,416.0787477702018
4209.317585,0.33981560536329597,4.406432762510084,4140.616798,15/9-F-12,0.0022269911045978263,1.0000004132909865,27.145396542725624,-425.3658359752098,426.2311191928047
4242.125984,0.3331833542057175,4.398927846726508,4171.587927,15/9-F-12,0.007081020421763965,1.0000041784251354,23.844145738868036,-435.68330543168884,436.3352907087606
4274.934383,0.31381019950858047,4.384790679785354,4202.690289,15/9-F-12,0.019888110556846642,1.0000329627155913,20.5603544819131,-445.581676441274,446.05577964716264
4307.742782,0.289026524130261,4.371351644544998,4234.02231,15/9-F-12,0.02510323192832395,1.0000525176639572,17.367035601902746,-454.7828316356323,455.11431297655497
4340.551181,0.2659881780039358,4.364893926312619,4265.551181,15/9-F-12,0.02310706029051357,1.0000444970621334,14.334663199554027,-463.2437669749461,463.4655005609186
4373.35958,0.2506292805863857,4.364021261686622,4297.276903,15/9-F-12,0.015361513649253634,1.0000196651391835,11.477336686750345,-471.12231612236417,471.26209905520926
4406.167979,0.24591689160600103,4.36140326780863,4329.10105,15/9-F-12,0.0047570944626300965,1.000001885833245,8.715433207191602,-478.6964712054428,478.7758038169142
4438.976378,0.24783675378319478,4.3439499752886865,4360.892388,15/9-F-12,0.004678275548257157,1.0000018238591672,5.893049366843394,-486.20056725186225,486.2362796284052
4471.784777,0.25499260371637156,4.325973083993145,4392.683727,15/9-F-12,0.008439139898924641,1.0000059349657877,2.8843191866631868,-493.78730241125805,493.7957263077089
4504.593176,0.26790804018112957,4.314104845079584,4424.37664,15/9-F-12,0.013275551476359415,1.00001468694776,-0.35929025854263985,-501.62262984115887,501.62275851305844
4537.401575,0.28466320100027515,4.306599929296008,4455.93832,15/9-F-12,0.01688065501063328,1.0000237470528202,-3.8620608875124085,-509.85810930622046,509.8727362191596
4570.209974,0.2986258350162298,4.296477019634441,4487.368766,15/9-F-12,0.014263610324358845,1.0000169545598987,-7.630570006856839,-518.5057867522465,518.5619312041674
4603.018373,0.3104940739297912,4.283037984394085,4518.667979,15/9-F-12,0.012534549737252973,1.0000130931171387,-11.66692112037719,-527.4777476433421,527.6067582085377
4635.826772,0.32288591161895097,4.2668064223505375,4549.835958,15/9-F-12,0.013383805466802718,1.0000149274547876,-15.996694056691208,-536.7318401826902,536.9701690845035
4668.635171,0.3385938748868999,4.245862471326606,4580.872703,15/9-F-12,0.017117438836009764,1.0000244179414877,-20.690948675722435,-546.295525401722,546.6872199265727
4701.44357,0.3553490357060455,4.223871322751477,4611.712598,15/9-F-12,0.018348325613691,1.0000280560322732,-25.820447420460955,-556.2020794378813,556.8010853761116
4734.251969,0.3703588672731967,4.205545365605537,4642.388451,15/9-F-12,0.016359105230371394,1.0000223022905164,-31.381293401161585,-566.4330742952905,567.3016950716293
4767.060367,0.38641589639154456,4.187743007235194,4672.867454,15/9-F-12,0.017352085418419674,1.0000250919945382,-37.36036364520965,-576.9751425142052,578.1834586452554
4799.868766,0.3984586682303054,4.172035043967245,4703.182415,15/9-F-12,0.013458645939406894,1.000015094869298,-43.73150328438795,-587.784052026121,589.408632610482
4832.677165,0.3988077340807043,4.164704661108869,4733.431759,15/9-F-12,0.0028676805935692377,1.0000006852998957,-50.322786179985386,-598.6803881231546,600.7916360371602
4865.485564,0.39165188414752755,4.164006529408072,4763.713911,15/9-F-12,0.007161896125735998,1.0000042744182678,-56.90408073709823,-609.4623520057199,612.1130883397922
4898.293963,0.37891098060796896,4.175176636620835,4794.094488,15/9-F-12,0.013415494253277226,1.000014998227103,-63.27375621704808,-620.0193895022796,623.2396100895658
4931.102362,0.36669367584400864,4.193328060841576,4824.671916,15/9-F-12,0.013891957241156534,1.0000160825167035,-69.29670265832404,-630.3396039873801,634.1372480420018
4963.910761,0.36075955638722795,4.210257754585921,4855.314961,15/9-F-12,0.008455940872045457,1.0000059586206085,-75.00120592560624,-640.5220669630526,644.8982083685117
4996.71916,0.3605850234620285,4.227012915405067,4886.023622,15/9-F-12,0.005916466939942092,1.000002917058632,-80.48835496280418,-650.7170235959417,655.6760023686849
5029.527559,0.3635520831904188,4.251098459082589,4916.699475,15/9-F-12,0.009033315979072748,1.0000068001219544,-85.78503153973658,-661.059936300871,666.6028135392058
5062.335958,0.3659955441432109,4.286179577047675,4947.34252,15/9-F-12,0.01275145946047263,1.0000135501968568,-90.80860033208722,-671.6291746616745,677.7403264901645
5095.144357,0.3687880709464018,4.322133359638758,4977.985564,15/9-F-12,0.013212770468001404,1.0000145483626015,-95.48538638522169,-682.4437026576295,689.0913337941423
5127.952756,0.37315139407638764,4.352502088623459,5008.562992,15/9-F-12,0.011842880495735746,1.0000116879821315,-99.84109906913288,-693.509750502466,700.6597027839728
5160.761155,0.37768925013157295,4.381998152982163,5039.074803,15/9-F-12,0.011729078756713238,1.0000114644317577,-103.90968978546134,-704.829205120467,712.4474942211954
5193.569554,0.3817035074111599,4.406432762510084,5069.553806,15/9-F-12,0.009906910368066825,1.0000081789863609,-107.71277750971028,-716.3783707260551,724.4308196667047
5226.377953,0.3853686988403479,4.420395396526039,5099.967192,15/9-F-12,0.006383136327673398,1.0000033953829492,-111.3283909434505,-728.1105685194588,736.5724747910332
5259.186352,0.38903389026953605,4.4244096538056255,5130.347769,15/9-F-12,0.003967252218882921,1.0000013115929118,-114.87060471313409,-739.9817270351957,748.8445847925669
5291.994751,0.3921754829231258,4.424758719656024,5160.695538,15/9-F-12,0.0031454026670189083,1.0000008244639773,-118.41634491247127,-751.9596510238283,761.2264758337737
5324.80315,0.39549160850191506,4.422838857478831,5190.97769,15/9-F-12,0.0033979726172495618,1.0000009621859365,-121.99940345281787,-764.0286062227001,773.7076744930512
5357.611549,0.40020399748229973,4.42004633067564,5221.227034,15/9-F-12,0.004835989936354,1.0000019489044465,-125.64579282839767,-776.205469570006,786.308969964015
5390.419948,0.40491638646268446,4.417602869722848,5251.410761,15/9-F-12,0.004809635849297176,1.000001927720876,-129.36523980157816,-788.5090483983136,799.0506145889219
5423.228346,0.40840704496667307,4.414984875844856,5281.56168,15/9-F-12,0.003642017957778996,1.0000011053593667,-133.15188943238687,-800.9214996333601,811.9142037397579
5456.036745,0.4106759729942658,4.41376314536846,5311.646982,15/9-F-12,0.002321494525783228,1.0000004491116448,-136.98778355286626,-813.4095832396887,824.8641118080546
5488.845144,0.4117231705454623,4.41358861244326,5341.732283,15/9-F-12,0.001050518698324544,1.0000000919658047,-140.84705747763974,-825.942668601169,837.8658516827917
5521.653543,0.4129449010218584,4.414112211218859,5371.784777,15/9-F-12,0.0012406187173096433,1.0000001282612532,-144.71417007374052,-838.5090288034728,850.9051547646627
5554.461942,0.41364303272265607,4.413065013667662,5401.83727,15/9-F-12,0.0008160329018668735,1.0000000554924786,-148.59307420306803,-851.1019424309945,863.9759360716769
5587.270341,0.4141666314982544,4.413414079518061,5431.856955,15/9-F-12,0.000543093164177786,1.0000000245791827,-152.48177610770105,-863.7110413731323,877.0675316273084
5620.07874,0.4150392961242516,4.4144612770692575,5461.87664,15/9-F-12,0.0009702736892463805,1.0000000784525933,-156.3678337219636,-876.3428923967701,890.1841183020717
5652.887139,0.4146902302738527,4.414984875844856,5491.929134,15/9-F-12,0.0004089055425617728,1.0000000139336456,-160.246283000256,-888.9853060611476,903.3126510837931
5685.695538,0.41381756564785555,4.415159408770055,5521.948819,15/9-F-12,0.0008764876982119947,1.0000000640192288,-164.11494484744216,-901.611533811736,916.4262507286825
5718.503937,0.41364303272265607,4.415857540470853,5552.001312,15/9-F-12,0.0003315093238206538,1.0000000091582026,-167.97349597231337,-914.2244089572896,929.5274957108403
5751.312336,0.4132939668722572,4.4165556721716515,5582.020997,15/9-F-12,0.0004488032072856772,1.0000000167853602,-171.82094601232401,-926.8324519733719,942.6244382146808
5784.120735,0.41242130224626006,4.413937678293659,5612.073491,15/9-F-12,0.0013666173980221628,1.000000155636955,-175.67510195030778,-939.4192414305929,955.7040612110434
5816.929134,0.411199571769864,4.415159408770055,5642.158793,15/9-F-12,0.0013169659144691,1.0000001445332933,-179.52883628264019,-951.9732444502822,968.7536638414308
5849.737533,0.41015237421866746,4.413065013667662,5672.244094,15/9-F-12,0.0013410588148734964,1.0000001498699223,-183.37799429815036,-964.4929588054947,981.7709286682867
5882.545932,0.40840704496667307,4.410097953939272,5702.329396,15/9-F-12,0.002108203846129953,1.0000003703771194,-187.24635217597623,-976.9627649580071,994.7449122853577
5915.354331,0.4078834461910748,4.410097953939272,5732.447507,15/9-F-12,0.0005245987755538267,1.000000022933657,-191.1230785920679,-989.3942150674678,1007.6849428166923
5948.16273,0.4077089132658754,4.409225289313275,5762.565617,15/9-F-12,0.0003886059426026757,1.0000000125845483,-195.0020934977059,-1001.8139375148261,1020.61598158536
5980.971129,0.4082325120414737,4.409574355163674,5792.683727,15/9-F-12,0.0005426044858852253,1.0000000245349698,-198.8859281377971,-1014.2376617967296,1033.553891685446
6013.779528,0.4092797095926703,4.407305427136081,5822.769029,15/9-F-12,0.0013829959178999767,1.0000001593898395,-202.7887808277907,-1026.680203775113,1046.5159007169118
6046.587927,0.40980330836826856,4.408003558836879,5852.887139,15/9-F-12,0.0005938179280466617,1.0000000293849787,-206.70848033251963,-1039.1422412983213,1059.502238549725
6079.396325,0.40858157789187255,4.41079608564007,5882.972441,15/9-F-12,0.0016523852968564753,1.000000227531493,-210.60331241925653,-1051.6010538676696,1072.4824155656615
6112.204724,0.4082325120414737,4.41079608564007,5913.090551,15/9-F-12,0.0003500658504863842,1.000000010212175,-214.47370077691403,-1064.0427349195493,1085.4427253706294
6145.013123,0.40962877544306914,4.411843283191266,5943.175853,15/9-F-12,0.001458029914378728,1.0000001771543068,-218.34223750122035,-1076.5014963321628,1098.42105054593
6177.821522,0.4103269071438669,4.414112211218859,5973.293963,15/9-F-12,0.0011434848752424139,1.0000001089631525,-222.19940526837834,-1088.996764957311,1111.434446914936
6210.629921,0.409977841293468,4.417602869722848,6003.379265,15/9-F-12,0.0014359988720398656,1.000000171841099,-226.0221250028122,-1101.5080960155321,1124.458130202521
6243.43832,0.41015237421866746,4.417253803872449,6033.464567,15/9-F-12,0.0002242212642503947,1.000000004189598,-229.82442080085582,-1114.022923533237,1137.4824563719606
6276.246719,0.4110250388446646,4.418301001423646,6063.549869,15/9-F-12,0.0009686039215391126,1.0000000781828038,-233.62691433811963,-1126.554151692038,1150.524137859662
6309.055118,0.4115486376202629,4.421442594077235,6093.602362,15/9-F-12,0.0013617448650547952,1.0000001545291184,-237.40920028918768,-1139.1134115558716,1163.590345769682
6341.863517,0.411199571769864,4.425282318431623,6123.687664,15/9-F-12,0.001575566158646253,1.0000002068674447,-241.14839066473425,-1151.688299796529,1176.6641348356
6374.671916,0.4115486376202629,4.42615498305762,6153.740157,15/9-F-12,0.000494572908916202,1.0000000203835306,-244.8579357358842,-1164.2719865261909,1189.7414287577285
6407.480315,0.41137410469506347,4.424933252581224,6183.825459,15/9-F-12,0.0005198651603312026,1.0000000225216494,-248.57041983589934,-1176.857541395697,1202.8220676215246
6440.288714,0.40474185353748504,4.425282318431623,6213.94357,15/9-F-12,0.0066346974390132304,1.0000036682836564,-252.25938792288792,-1189.3432299014567,1215.8010187969326
6473.097113,0.3923500158483253,4.4244096538056255,6244.160105,15/9-F-12,0.012397463499838517,1.000012808288629,-255.87011036063842,-1201.5526727788322,1228.4943381383248
6505.905512,0.37995817815916555,4.420395396526039,6274.573491,15/9-F-12,0.012484704213632396,1.0000129891890683,-259.4029497746524,-1213.393346724052,1240.8115506498102
6538.713911,0.36913713679680066,4.412890480742463,6305.085302,15/9-F-12,0.011164878883329166,1.000010388006198,-262.90063601043425,-1224.87529171827,1252.7714175685076
6571.52231,0.3581415625092364,4.399451445502106,6335.761155,15/9-F-12,0.011990389212335079,1.0000119809583716,-266.4172085749528,-1236.001724546774,1264.3885447549221
6604.330709,0.3460987906704755,4.381649087131764,6366.568241,15/9-F-12,0.013518190186729926,1.0000152287337858,-269.9946316421393,-1246.7360588471754,1275.636273216375
6637.139108,0.335801348083709,4.36140326780863,6397.473753,15/9-F-12,0.012324017045451942,1.0000126569752474,-273.66038461196337,-1257.0754464510499,1286.5180465800213
6669.947507,0.32585297134734137,4.345346238690282,6428.510499,15/9-F-12,0.011233435303267474,1.0000105159717605,-277.40345055389804,-1267.0530927824648,1297.0644603522287
6702.755906,0.3157300616857742,4.333128933926322,6459.645669,15/9-F-12,0.010831975846123595,1.0000097777564516,-281.17378662993275,-1276.6863913600362,1307.2822343211608
6735.564304,0.3040363556974122,4.324227754741151,6490.879265,15/9-F-12,0.01200550317107705,1.0000120111819857,-284.91842541826105,-1285.9638600002245,1317.1490266365072
6768.372703,0.29042278753185646,4.320911629162362,6522.244094,15/9-F-12,0.013649149676547026,1.0000155252298084,-288.5695655022479,-1294.8517241104712,1326.6172701898674
6801.181102,0.2747148242639075,4.3165483060323755,6553.772966,15/9-F-12,0.015755970727544175,1.0000206880647131,-292.07782747284944,-1303.2998823769206,1335.6272087318955
6833.989501,0.25865779514555964,4.308519791473202,6585.400262,15/9-F-12,0.01619670410834204,1.0000218616755023,-295.44266157859136,-1311.2643036002994,1344.1355735851278
6866.7979,0.2462659574563999,4.299269546437632,6617.191601,15/9-F-12,0.01260629072185526,1.0000132434242763,-298.6971196996039,-1318.785404177932,1352.1889333926642
6899.606299,0.23649211364523168,4.289670235551664,6649.048556,15/9-F-12,0.010040483534553914,1.0000084010271593,-301.8793755181618,-1325.9532137450428,1359.8834811865472
6932.414698,0.2192133540504878,4.278500128338899,6681.003937,15/9-F-12,0.017462754807632697,1.0000254130920896,-304.95587325538645,-1332.695214726875,1367.1410388064821
6965.223097,0.20525072003453315,4.263839362622147,6713.057743,15/9-F-12,0.01430070861397172,1.0000170428707826,-307.9055085695155,-1338.9447016834838,1373.8918139263096
6998.031496,0.19722220547535926,4.24446620792501,6745.209974,15/9-F-12,0.008914226869225054,1.0000066220060104,-310.80519043450903,-1344.8262071611964,1380.2743907892375
7030.839895,0.19024088846738194,4.223696789826278,6777.395013,15/9-F-12,0.008045977528469837,1.0000053948477907,-313.711262104261,-1350.4339259638612,1386.3933584539475
7063.648294,0.18099064343181195,4.19524792301877,6809.645669,15/9-F-12,0.010636499340107639,1.000009428033182,-316.6274386122036,-1355.7395446219784,1392.2221976875437
7096.456693,0.17383479349863523,4.144284308860535,6841.961942,15/9-F-12,0.011492430246522118,1.0000110064747834,-319.6138960554345,-1360.6979069875804,1397.73096003205
7129.265092,0.1689478715930511,4.080579791162743,6874.278215,15/9-F-12,0.011911847402867881,1.0000118245101597,-322.7695517260619,-1365.315398010431,1402.9491507413318
7162.073491,0.16598081186466074,4.011639285708966,6906.627297,15/9-F-12,0.011866487023437969,1.0000117346247626,-326.14622768715475,-1369.6129185426278,1407.910120878963
7194.88189,0.16231562043547265,3.929259745014834,6938.976378,15/9-F-12,0.013948467785680825,1.0000162136282493,-329.76413047983146,-1373.5633981943777,1412.5936395901
7227.690289,0.16057029118347832,3.8439131445923116,6971.358268,15/9-F-12,0.013826187090798091,1.0000159305919907,-333.6365040588447,-1377.136485082332,1416.975022851683
7260.498688,0.158824961931484,3.7533305564138058,7003.772966,15/9-F-12,0.014505790675642371,1.0000175351992326,-337.76257431648344,-1380.3207688528528,1421.0450314945788
7293.307087,0.15742869852988853,3.6620498365345022,7036.154856,15/9-F-12,0.014437529965253946,1.0000173705513673,-342.1179104545489,-1383.0897054255056,1424.7742971810653
7326.115486,0.1562069680534925,3.5704200508048,7068.569554,15/9-F-12,0.014358446659324947,1.0000171807700797,-346.6702589986838,-1385.4298119210418,1428.1442617025032
7358.923885,0.15550883635269477,3.4838517199058816,7100.984252,15/9-F-12,0.013452799693689071,1.000015081757913,-351.3846583722743,-1387.3437009074785,1431.1511878858428
7391.732283,0.1567305668290908,3.4061845681921334,7133.39895,15/9-F-12,0.012135781760015577,1.000012273280668,-356.2494997226479,-1388.8660457708634,1433.8279531198402
7424.540682,0.1589994948566834,3.315951045864027,7165.78084,15/9-F-12,0.014361938882979581,1.000017189128592,-361.2789080280587,-1389.986249232135,1436.1699838251618
7457.349081,0.1624901533606721,3.223099529657928,7198.195538,15/9-F-12,0.01526074522021536,1.0000194079807163,-366.48190908618614,-1390.6528933604493,1438.1322816414506
7490.15748,0.16667894356545848,3.1295498817510325,7230.544619,15/9-F-12,0.015884043217739324,1.0000210257662314,-371.8484129147043,-1390.8361865743339,1439.6862644589687
7522.965879,0.17243853009703977,3.045075945954507,7262.893701,15/9-F-12,0.015369656998576557,1.000019685994723,-377.3715343131821,-1390.5321601259457,1440.829262353598
7555.774278,0.17889624832941878,2.9850366196859017,7295.177165,15/9-F-12,0.012318950851057331,1.0000126465710928,-383.0565464942246,-1389.8057792812074,1441.6283924560887
7588.582677,0.18291050560900574,2.9220302336889064,7327.46063,15/9-F-12,0.01202441051744401,1.0000120490449038,-388.85210344124806,-1388.700761299477,1442.1150310514172
7621.391076,0.18657569703819382,2.8604201110935064,7359.711286,15/9-F-12,0.011894940068862143,1.0000117909667667,-394.6877437156465,-1387.2065142401834,1442.2622258763306
7654.199475,0.19181168479417682,2.819055807821241,7391.929134,15/9-F-12,0.009377177830094039,1.0000073276864383,-400.57719256776517,-1385.3708917487602,1442.1215603790922
7687.007874,0.19914206765255302,2.7729791155685906,7424.114173,15/9-F-12,0.011567753516155417,1.000011151226002,-406.5704872932407,-1383.2102847723274,1441.7247494018427
7719.816273,0.20542525295973257,2.7269024233159405,7456.266404,15/9-F-12,0.011187505078567219,1.0000104301530344,-412.66034655477637,-1380.692734164963,1441.041632915104
7752.624672,0.21380283336930536,2.6874579822208684,7488.353018,15/9-F-12,0.011727688966259827,1.000011461715017,-418.8507987174699,-1377.8176127394725,1440.0754721754556
7785.433071,0.22322761133007474,2.651678732554985,7520.374016,15/9-F-12,0.012205591118509435,1.0000124148894989,-425.1830601473691,-1374.5818659311078,1438.8383998152563
7818.24147,0.23300145514124299,2.615724949963902,7552.329396,15/9-F-12,0.012713146923580639,1.0000134688930817,-431.663465251915,-1370.9717056629843,1437.3227768882548
7851.049869,0.24504422698000386,2.57628050886883,7584.21916,15/9-F-12,0.0152382211434611,1.0000193507312989,-438.30004133887644,-1366.938519388375,1435.4887119115022
7883.858268,0.2558652683423687,2.543293786006137,7615.97769,15/9-F-12,0.013561929087787588,1.0000153274419599,-445.09110453746814,-1362.4682890060612,1433.3268747517043
7916.666667,0.26773350725593015,2.5099579972930455,7647.670604,15/9-F-12,0.014672488609927726,1.0000179405463951,-452.0240794422494,-1357.5674304551449,1430.8441901996869
7949.475066,0.277332818141899,2.4774948732059507,7679.2979,15/9-F-12,0.012980712578929523,1.0000140418115244,-459.0633686625816,-1352.2367071053181,1428.0347644545882
7982.283465,0.28483773392547457,2.4483478746976455,7710.793963,15/9-F-12,0.011031900214076433,1.0000101420252925,-466.14584354279174,-1346.5227166722318,1424.9264451074619
8015.091864,0.2918190509334519,2.422691534693329,7742.257218,15/9-F-12,0.010098083553996188,1.000008497694274,-473.2429986291893,-1340.468956279389,1421.554064571693
8047.900262,0.2996730325674264,2.387261350877844,7773.654856,15/9-F-12,0.012973589668448086,1.0000140264051578,-480.3235710432146,-1334.044611953252,1417.8807282635619
8080.708661,0.30839967882739805,2.354798226790749,7804.954068,15/9-F-12,0.013061602563878269,1.0000142173643507,-487.36858420859545,-1327.2024979757352,1413.8580577648247
8085.793963,0.3097959422289935,2.349911304885165,7809.776903,15/9-F-12,0.0020404879855681103,1.0000003469660794,-488.45822266052676,-1326.1044476740367,1413.2036093307795
8181.56168,0.32812189937493397,2.2605504471830558,7900.721785,15/9-F-12,0.033466718007189866,1.0000933455560952,-508.53712200524296,-1303.8115502352462,1399.4765317732952
8320.439633,0.3558726344816438,2.19143540880408,8031.56168,15/9-F-12,0.03614421647613406,1.0001088812563732,-536.8499001572735,-1266.8639599421767,1375.9186415988584
8454.691601,0.3787364476827695,2.19771859411126,8156.856955,15/9-F-12,0.022975771092490396,1.000043992827096,-565.0126745703789,-1227.7366993397445,1351.509054846035
8588.976378,0.4597197249753064,2.175552912610932,8279.494751,15/9-F-12,0.08148093582772781,1.0005536294740383,-596.5321803720902,-1183.1000694704233,1324.981666514824
8721.456693,0.5333726194094671,2.122494903350304,8395.931759,15/9-F-12,0.07784885092111263,1.000505343228434,-630.9123112851862,-1130.2131184371883,1294.3848104867152
8855.216535,0.5778785153353225,2.0491910747665423,8509.580052,15/9-F-12,0.058934676979906536,1.0002895419127908,-665.5634048050894,-1068.8042905769485,1259.093823895359
8985.66273,0.6199409503083859,2.0205676750338353,8617.322835,15/9-F-12,0.045049066633744736,1.0001691525285894,-698.4451681064457,-1003.0398356405957,1222.2579779789348
9118.307087,0.7199483164476609,1.9867082875451454,8721.259843,15/9-F-12,0.10218395183324795,1.0008710395134637,-732.8951315494841,-928.2733558272282,1182.7200416783674
9252.034121,0.7911577499290295,1.9610519475408286,8818.569554,15/9-F-12,0.07334737955770242,1.0004485611608525,-768.812770590282,-843.9318975773043,1141.6190800661732
9383.267717,0.8587019919812102,1.900314489571426,8907.644357,15/9-F-12,0.08092966818032539,1.0005461586481168,-802.6566852873473,-753.7275550555323,1101.0735587082554
9515.912073,0.9037314866826639,1.8214256073812822,8992.027559,15/9-F-12,0.07569367894961451,1.0004777348076805,-831.8393491477063,-655.698858429981,1059.1967219250917
9644.750656,0.9334020839665674,1.7894860820697862,9070.242782,15/9-F-12,0.039045975961524926,1.000127068392632,-855.6261012384646,-556.1195473099112,1020.4729178281586
9777.854331,0.9485864484589182,1.7983872612549572,9148.654856,15/9-F-12,0.01680301602080384,1.0000235291099404,-879.4321571947044,-451.221649685779,988.4340626735236
9870.767717,0.9590584239708841,1.8046704465621368,9202.395013,15/9-F-12,0.011659685230369605,1.0000113291756576,-896.7638097947303,-377.44748843918273,972.9603985191824
10041.43701,0.9520771069629067,1.7444565873683324,9300.918635,15/9-F-12,0.04966455310149427,1.0002055980318625,-924.9708459113301,-240.99209811694791,955.8494950256187
10109.08793,0.9435249936281346,1.6966345658636877,9340.387139,15/9-F-12,0.0397678287354906,1.0001318108625274,-933.170253090547,-186.6748034331287,951.6586591261979
10290.68241,0.9396852692737471,1.6704546270837728,9447.276903,15/9-F-12,0.021512793159456502,1.0000385684740778,-949.6907435939718,-40.794640544875364,950.5665211679068
10408.49738,0.9407324668249436,1.712866127907235,9516.732283,15/9-F-12,0.03427108162596897,1.0000978870832407,-961.1631237670994,53.656018101799745,962.6596069059244
10552.46063,0.9400343351241459,1.7680185322702557,9601.607612,15/9-F-12,0.044555744077934015,1.0001654673764266,-980.7919497370707,168.25335500216505,995.1191085184372
10685.85958,0.9309586230137754,1.8044959136369374,9680.774278,15/9-F-12,0.03073133464561935,1.0000787086774652,-1003.7391844149536,273.1338130119159,1040.2376796388528
10818.17585,0.9391616704981488,1.8460347498344023,9759.350394,15/9-F-12,0.03441543608608978,1.0000987135452848,-1030.5432212144542,376.1569595837329,1097.0475782910883
10950.22966,0.9267698328089891,1.868025898409531,9837.992126,15/9-F-12,0.021580657652594634,1.0000388122063082,-1060.4906437855261,477.92854628076185,1163.2093968442148
11074.17979,0.925199036482194,1.860346449700756,9912.5,15/9-F-12,0.006336328867767374,1.0000033457687263,-1089.1395087130181,572.7575685446059,1230.5592638165638
11209.15354,0.9274679645097867,1.8678513654843314,9993.569554,15/9-F-12,0.006415290560936408,1.0000034296768636,-1120.335559617553,676.0501017322404,1308.508886555895
11339.0748,0.9245009047813963,1.8629644435787474,10071.65354,15/9-F-12,0.004905877421055245,1.0000020056409331,-1150.4860726377751,775.4108326701664,1387.4005055339042
11468.24147,0.922755575529402,1.8428931571808127,10149.54068,15/9-F-12,0.016108494311255075,1.0000216241935271,-1179.1750391834328,874.3820817959232,1467.991075585619
11548.55643,0.922755575529402,1.8428931571808127,10198.0315,15/9-F-12,1e-06,1.0000000000000835,-1196.3838955959038,936.0588375792609,1519.0591078201887
478.67,0.0,0.0,478.67,15/9-F-14,1e-06,1.0000000000000835,0.0,0.0,0.0
508.83,0.003141592653589793,0.09459684545809266,508.83,15/9-F-14,0.0031425926535748297,1.0000008229915283,0.047163366410324585,0.00447486151364963,0.047375178276402044
641.21,0.005759586531581287,0.6593853914034578,641.21,15/9-F-14,0.0035328376758460224,1.0000010400798018,0.5554842027366773,0.25766671044925193,0.6123355560178918
645.67,0.005934119456780721,0.6806784082777885,645.67,15/9-F-14,0.00021537598926726,1.000000003865568,0.575919527795469,0.27386302960632386,0.6377180109431677
773.62,0.01064650843716541,1.0161306905110987,773.62,15/9-F-14,0.0054092639388188144,1.0000024383518313,1.2296576227737583,1.0917608968543768,1.6443842997139944
906.17,0.027052603405912107,1.090830782496456,906.14,15/9-F-14,0.016455975198792532,1.00002256720443,2.42906025590568,3.2817485341631247,4.082916502734582
1038.71,0.027052603405912107,1.1698941976117991,1038.65,15/9-F-14,0.0021390537659179477,1.0000003812960923,3.9563156126056898,6.52219183060885,7.628330059836711
1170.93,0.03316125578789226,1.250004810278339,1170.8,15/9-F-14,0.006563633217213332,1.0000035901222177,5.345317104552752,10.248716866149206,11.558919168794088
1303.48,0.06300638599699529,1.5397294661093974,1303.18,15/9-F-14,0.03263184817209765,1.000088745909603,6.1678773589543985,16.505508079895094,17.62028683338
1436.02,0.0752236907609556,1.4594443205176584,1435.4,15/9-F-14,0.013408008813019562,1.000014981494357,6.850927815200295,25.62583167124648,26.525807448071102
1568.24,0.06981317007977318,1.2100367704076687,1567.29,15/9-F-14,0.018807797043224224,1.000029478811899,9.030910963656012,34.87843078860788,36.028631490929435
1700.79,0.05881759579220891,0.8780751466783472,1699.57,15/9-F-14,0.023847754342594833,1.0000473956443972,13.15104008774485,42.20222337832284,44.20381786071573
1833.01,0.03752457891787808,0.46949356878647464,1831.63,15/9-F-14,0.02857530274633334,1.0000680512173004,17.845017957302936,46.31508301226668,49.633976068109014
1965.55,0.013788101090755204,0.2532472744643772,1964.14,15/9-F-14,0.024239743577519467,1.00004896664117,20.94689515350188,47.668907762156245,52.06819743191385
2098.1,0.004537856055185257,1.2679817015738806,2096.65,15/9-F-14,0.012028053280877433,1.0000120563465682,21.921223094705127,48.18492172685967,52.93700694024386
2230.31,0.004537856055185257,1.3112658670233397,2228.87,15/9-F-14,0.00019740130596379801,1.0000000032472731,22.08765905242612,48.76117512940719,53.53052290438549
2362.86,0.00471238898038469,1.3554226970987964,2361.42,15/9-F-14,0.0002696075587439315,1.0000000060573528,22.231583416968416,49.35694567201831,54.132720117283895
2495.08,0.005061454830783556,1.4946999714079439,2493.64,15/9-F-14,0.0007650496844687775,1.000000048775088,22.32360043862322,49.99492608275591,54.752495564709434
2627.62,0.006108652381980153,1.8750072154175084,2626.18,15/9-F-14,0.0023493648781744976,1.0000004599598649,22.227840792738945,50.71560701243761,55.37282457078887
2760.17,0.008203047484373348,2.796366527545315,2758.73,15/9-F-14,0.0066341562236934045,1.0000036676852089,21.594995113935177,51.285844953518115,55.646937980154696
2892.72,0.008377580409572781,2.802998778702893,2891.27,15/9-F-14,0.00018398772009652788,1.0000000028209568,20.559726341867755,51.654243281237875,55.59553216050548
3024.93,0.006108652381980153,2.937389131106457,3023.49,15/9-F-14,0.0024649199121359704,1.0000005063194888,19.64195540530977,51.92007961180085,55.511269838114096
3157.48,0.004537856055185257,2.849075470955544,3156.04,15/9-F-14,0.0016391259841107154,1.0000002238945596,18.95754841663631,52.08890172260388,55.431420012806775
3290.03,0.003839724354387525,2.853787859935928,3288.58,15/9-F-14,0.0006994087623185255,1.0000000407643868,18.42556808370082,52.247858502551615,55.40162702764017
3422.57,0.004014257279586958,2.977008105126728,3421.13,15/9-F-14,0.0005149975009213103,1.0000000221018694,17.919146998154105,52.363671930176366,55.344827826569265
3533.14,0.004363323129985824,3.657162914628918,3531.69,15/9-F-14,0.0028147284324154974,1.000000660225202,17.4903490582963,52.28110136188552,55.1291743978884
3554.79,0.004537856055185257,3.7662459928785634,3553.35,15/9-F-14,0.0005165877926747075,1.0000000222385794,17.40940975617566,52.2290867028472,55.054200982958186
3687.34,0.004537856055185257,3.688578841164816,3685.89,15/9-F-14,0.0003533525707913426,1.0000000104048368,16.90858995256029,51.89678362216275,54.58183364920423
3819.55,0.003490658503988659,3.3801791623374178,3818.11,15/9-F-14,0.0016107422840530424,1.000000216207615,16.428170254176486,51.686229578864506,54.23422448951674
3952.1,0.0033161255787892262,3.102846344195519,3950.66,15/9-F-14,0.000957595946555509,1.00000007641584,15.983769681367365,51.640069809942084,54.057170691802675
4084.65,0.0033161255787892262,3.0384436947969284,4083.2,15/9-F-14,0.00021452997530349699,1.0000000038352592,15.545551130288384,51.67121265008869,53.959043511492084
4217.19,0.0033161255787892262,3.021863066902982,4215.75,15/9-F-14,5.5982714402794294e-05,1.000000000261172,15.108773965039976,51.72008927567969,53.88174723791859
4349.74,0.0033161255787892262,2.9934142000954744,4348.29,15/9-F-14,9.533666129055053e-05,1.0000000007574232,14.673204087496588,51.77878711759742,53.81770817828272
4481.96,0.003141592653589793,2.1910863429536813,4480.51,15/9-F-14,0.0025277853196030327,1.0000005324752252,14.335653220017253,51.98015313669201,53.92074993319866
4614.5,0.003141592653589793,2.162288410295775,4613.06,15/9-F-14,9.146809868450345e-05,1.0000000006972012,14.09854816132381,52.3223848608002,54.18856906930521
4746.72,0.003141592653589793,2.1891664807764877,4745.28,15/9-F-14,8.543726787497161e-05,1.0000000006082939,13.862340239330472,52.6640217750554,54.45790729025924
4879.27,0.003141592653589793,2.1891664807764877,4877.79,15/9-F-14,1e-06,1.0000000000000835,13.62093977351699,53.00332883927356,54.72552300670999
5011.48,0.003141592653589793,2.2294835864975564,5010.01,15/9-F-14,0.00012765113697427332,1.0000000013579011,13.373435802420138,53.33677555982622,54.98782058129535
5144.03,0.003141592653589793,2.2596777825570586,5142.55,15/9-F-14,9.585410563147605e-05,1.0000000007656673,13.113642679632443,53.66215454318901,55.24123871299574
5262.47,0.003141592653589793,2.2596777825570586,5260.99,15/9-F-14,1e-06,1.0000000000000835,12.877114939909722,53.94939192761777,55.464916645888465
5276.25,0.003141592653589793,2.263517506911446,5274.77,15/9-F-14,1.3062819022470061e-05,1.0000000000142197,12.849531865884751,53.98275784349589,55.490977767218205
5408.79,0.0033161255787892262,3.9088393927665006,5407.32,15/9-F-14,0.0047357251532586285,1.0000018689285854,12.558384187219733,53.99041747346901,55.431743544229946
5541.34,0.0033161255787892262,3.9018580757585233,5539.86,15/9-F-14,2.415083267055749e-05,1.0000000000486051,12.24092291230862,53.686408215523954,55.06424085401487
5673.56,0.0033161255787892262,3.9393826546764013,5672.08,15/9-F-14,0.00012542868717614508,1.0000000013110297,11.92897291635994,53.37840763822789,54.69510761331469
5806.1,0.0033161255787892262,3.9245473560344495,5804.63,15/9-F-14,5.0195172098658745e-05,1.000000000209963,11.61974467588889,53.066087674409715,54.32336631138563
5938.32,0.0033161255787892262,3.955439683794749,5936.84,15/9-F-14,0.00010343857755071334,1.000000000891628,11.313802434035768,52.75208400572988,53.95168665078021
6070.87,0.0033161255787892262,3.978827095771473,6069.39,15/9-F-14,7.85536857606166e-05,1.0000000005142236,11.015736619233655,52.42907317605911,53.57381979441905
6203.41,0.0033161255787892262,4.55234228797681,6201.94,15/9-F-14,0.0018768873848032442,1.000000293558958,10.833581664510085,52.04888645740191,53.16439666860826
6335.63,0.0033161255787892262,4.571540909748747,6334.15,15/9-F-14,6.466394647483597e-05,1.0000000003484524,10.767868500596748,51.61540186959518,52.726622328819374
6468.18,0.0033161255787892262,4.600164309481454,6466.7,15/9-F-14,9.591537429106179e-05,1.0000000007666465,10.71240321753752,51.17940912173907,52.28850256744265
6600.39,0.0033161255787892262,4.509407188377749,6598.92,15/9-F-14,0.0003018581801311695,1.0000000075931967,10.643662682012572,50.74686439179783,51.85105399977888
6733.92,0.0033161255787892262,4.157374278250493,6732.45,15/9-F-14,0.0011623646571556426,1.0000001125909814,10.482361924608009,50.34184216897164,51.421600368756735
6865.16,0.0027925268031909274,4.801226239311201,6863.68,15/9-F-14,0.0019965432694299223,1.0000003321822182,10.383951940986085,49.974379445412865,51.041797175127094
6997.7,0.030368728984701335,0.21851522234969006,6996.23,15/9-F-14,0.03085531511813139,1.0000793450933152,12.364904151591398,50.22627990910673,51.7259127341991
7129.92,0.06946410422937431,0.29112091923265415,7128.25,15/9-F-14,0.039238179847695585,1.000128322653518,18.720858157889765,51.97870519644245,55.247229107589646
7262.47,0.1392772743091475,0.3272492347489368,7260.04,15/9-F-14,0.06990425257541563,1.000407416133321,31.845181253685634,56.258273794543705,64.64602802509937
7394.69,0.14224433403753786,0.3556981015564443,7390.98,15/9-F-14,0.004974017718951628,1.0000020617427898,49.32146327729207,62.47220297784362,79.59511847291995
7465.22,0.1439896632895322,0.3694862026471996,7460.79,15/9-F-14,0.0026303376997286257,1.0000005765567668,58.726640278589414,66.04064859051968,88.3752541420241
7527.23,0.14556045961632708,0.38117990863556156,7522.15,15/9-F-14,0.002306085924719883,1.0000004431695935,67.04978645927015,69.32036498255472,96.44162413371275
7659.45,0.17610372152622786,0.4195771521794368,7652.66,15/9-F-14,0.031151563023849433,1.0000808761716293,86.52969127925834,77.60658109826308,116.2332521382975
7791.99,0.2165953601724963,0.4743804906920588,7782.64,15/9-F-14,0.041865733236745604,1.0001460872402972,109.80537325342951,88.84338396296764,141.24576761558652
7924.21,0.2590068609959585,0.4904375198104066,7911.12,15/9-F-14,0.04257952392745444,1.0001511120517377,137.384412685468,103.31057920190602,171.8940156723447
8057.09,0.30019663134302466,0.5433209961458347,8038.85,15/9-F-14,0.043686490580987475,1.0001590728142065,169.21795499345478,121.48557374677634,208.31097167636256
8189.3,0.3377212102609028,0.7276277651564359,8164.4,15/9-F-14,0.06876609129264466,1.000394251042815,202.32005936087484,146.16889081398872,249.59717759137357
8321.85,0.41486476319905213,0.8649851772883898,8287.66,15/9-F-14,0.09203311821316924,1.000706439604416,236.06973556136077,181.12982219140946,297.55156281744246
8454.4,0.4925319149127998,0.977558914042024,8406.82,15/9-F-14,0.09191350799812976,1.0007046030072007,270.9416877338108,227.47750531193532,353.7731103051607
8586.94,0.5637413483941683,0.9663888068292602,8521.26,15/9-F-14,0.07143163884853451,1.000425423658564,308.59969243185316,282.6209884443053,418.4595479592627
8713.58,0.6209881478595825,0.9527752386637045,8626.31,15/9-F-14,0.057749134990402184,1.000278006263762,349.18580239374535,340.5052440621264,487.7238417661905
8772.64,0.6525786073206798,0.9567894959432914,8673.79,15/9-F-14,0.03168145881526893,1.0000836512989368,369.47428805869566,369.1676083779407,522.2987388573407
8881.14,0.6955137069197403,0.9649925434276648,8758.56,15/9-F-14,0.04324002902062707,1.0001558374794755,408.2545810185171,424.6779475889206,589.0867186509495
9012.99,0.701447826376521,0.9728465250616394,8859.55,15/9-F-14,0.0077933858512752256,1.0000050614359939,456.2587490050569,494.5657117046013,672.8798475489798
9132.22,0.692197581340951,0.9616764178488756,8950.98,15/9-F-14,0.011703840239935502,1.0000114151460613,499.6855403317486,557.5676266781152,748.7104230182038
9154.82,0.6904522520889568,0.9595820227464823,8968.41,15/9-F-14,0.002198543091556651,1.000000402799505,507.94184118725644,569.376411793203,763.0166527246985
9287.24,0.7646287452987158,1.0000736613927508,9067.26,15/9-F-14,0.07890373821579705,1.0005191398671915,556.9280003676221,642.5188630591974,850.2936475008864
9418.21,0.8600982553828056,1.0318386537790476,9157.32,15/9-F-14,0.09820800829017574,1.000804510351785,606.9320077984662,723.3281946635966,944.2299186562431
9552.23,0.9494591130849153,1.0299187916018537,9240.09,15/9-F-14,0.08937458306148495,1.0006661834816257,661.0883872224454,813.6846852968433,1048.3895377229767
9681.1,1.0485938145981932,1.025555468471868,9309.81,15/9-F-14,0.09920346044883233,1.0008209184492056,717.0741618189886,906.4238542956588,1155.7679512707568
9814.6,1.1229448407331517,1.038819970787025,9372.01,15/9-F-14,0.07527157394909632,1.000472418485534,777.6261002122673,1007.789176174993,1272.926303973176
9948.06,1.166752604958209,1.145285055158679,9427.2,15/9-F-14,0.10637249410517069,1.0009439937786784,833.5159389435905,1115.6131965795762,1392.60246475996
10081.33,1.2164944886400477,1.2409290981679681,9476.57,15/9-F-14,0.10181184192276112,1.000864700592507,879.0901402600249,1230.645281211115,1512.378022476383
10211.42,1.254891732183923,1.2910200477002056,9519.36,15/9-F-14,0.060924379784427794,1.0003094298584083,915.9348675505582,1347.819769909261,1629.587313939671
10346.23,1.3039354841649635,1.3076006755941518,9558.07,15/9-F-14,0.051551497275118034,1.0002215219435115,950.5505842054167,1472.2056978149255,1752.4086366518486
10477.89,1.3569934934255912,1.3693853311147508,9589.44,15/9-F-14,0.08009568761221111,1.0005349531232968,979.9564714569237,1596.6160376246232,1873.3652760608265
10607.64,1.4093533709854211,1.430646387859752,9613.62,15/9-F-14,0.07976909316258574,1.0005305966456108,1001.5954636434356,1722.2025014592436,1992.278828081949
10739.17,1.4151129575170023,1.487893187325166,9634.42,15/9-F-14,0.056822031948270985,1.0002691488444815,1016.0467254151304,1851.2570933595505,2111.7537200016627
10875.89,1.3423327277088388,1.4915583787543538,9660.5,15/9-F-14,0.07287005779618388,1.0004427388747703,1026.9142779101567,1984.9923564904652,2234.8931942044364
11008.43,1.2555898638847207,1.4957471689591404,9696.06,15/9-F-14,0.08683758717160335,1.000628871433673,1036.753800363479,2112.2454936169984,2352.9639750479464
11141.5,1.2451178883727547,1.4912093129039552,9737.99,15/9-F-14,0.01132403404767804,1.000010686282627,1046.5085051874848,2238.163734654722,2470.7401633019435
11273.46,1.1864748255057453,1.5102334017506933,9783.86,15/9-F-14,0.06129593030602057,1.0003132169381213,1055.1832752730272,2361.571007485381,2586.586431537023
11405.84,1.1390018698514996,1.5538666330505517,9836.38,15/9-F-14,0.06210756550067277,1.000321569849007,1059.9164429791938,2482.9653909113977,2699.7296158247877
11531.4,1.0796606752836921,1.5706217938696971,9892.29,15/9-F-14,0.061208344060667746,1.000312322126021,1060.8916575138767,2595.369396718743,2803.8247831144427
11666.5,0.9962339370383633,1.5952309363228172,9960.89,15/9-F-14,0.08607545815710692,1.0006178731600508,1059.5158137983315,2711.693251835168,2911.332006442606
11798.65,0.9021606903558689,1.6189674141499402,10037.83,15/9-F-14,0.09602926774151911,1.0007691776694736,1055.6611536264122,2819.0113370464164,3010.19025805215
11935.93,0.8491026810952413,1.641482161500667,10125.75,15/9-F-14,0.05580315318481645,1.0002595801587983,1049.426850352193,2924.2343334409443,3106.8381276009422
12068.21,0.8672541053159823,1.6345008444926896,10212.24,15/9-F-14,0.01890538497094515,1.0000297855296507,1042.709194192533,3024.096928006208,3198.8130132332253
12122.7,0.870744763819971,1.6355480420438862,10247.41,15/9-F-14,0.003582097395563528,1.000001069286518,1040.0382694756915,3065.6242051251393,3237.241320788911
12200.92,0.8756316857255552,1.6371188383706812,10297.67,15/9-F-14,0.005034010948801283,1.0000021117775375,1036.1122812801282,3125.4417501485077,3292.7063022673124
12237.07,0.87720248205235,1.6360716408194844,10320.8,15/9-F-14,0.001765929200782817,1.0000002598755762,1034.2857484565202,3153.1611381328057,3318.459307041633
12303.15,0.87720248205235,1.6360716408194844,10363.02,15/9-F-14,1e-06,1.0000000000000835,1030.971305237821,3203.8653662716574,3365.658199731339
478.67,0.0,0.0,478.67,15/9-F-1,1e-06,1.0000000000000835,0.0,0.0,0.0
492.62,0.0,0.0,492.62,15/9-F-1,1e-06,1.0000000000000835,0.0,0.0,0.0
526.41,0.0,0.0,526.41,15/9-F-1,1e-06,1.0000000000000835,0.0,0.0,0.0
557.87,0.0,0.0,557.87,15/9-F-1,1e-06,1.0000000000000835,0.0,0.0,0.0
589.86,0.0,0.0,589.86,15/9-F-1,1e-06,1.0000000000000835,0.0,0.0,0.0
622.51,0.0,0.0,622.51,15/9-F-1,1e-06,1.0000000000000835,0.0,0.0,0.0
651.25,0.0,0.0,651.25,15/9-F-1,1e-06,1.0000000000000835,0.0,0.0,0.0
691.27,0.0,0.0,691.27,15/9-F-1,1e-06,1.0000000000000835,0.0,0.0,0.0
779.53,0.032114058236695664,5.275083131227662,779.53,15/9-F-1,0.03211505823669473,1.0000859569458744,0.755960796440754,-1.1985888394003974,1.4170716042919391
823.82,0.033335788713091695,5.318018230826722,823.79,15/9-F-1,0.001862475244891655,1.000000289067937,1.5554555363834703,-2.4068163714302884,2.8656948496744814
869.09,0.04310963252425994,5.336518720897862,869.03,15/9-F-1,0.009799961404583071,1.0000080033471577,2.555001574433324,-3.8186443625957747,4.594570471038751
916.01,0.03577924966588375,5.354844678043802,915.91,15/9-F-1,0.007366612193578115,1.0000045222724752,3.6486679213785336,-5.310968463107935,6.443536576804994
960.3,0.031415926535897934,5.305800926062762,960.17,15/9-F-1,0.004663689397487271,1.000001812503842,4.512273881015137,-6.521868437063332,7.930660974197189
993.44,0.01972222054753592,5.772152902195647,993.31,15/9-F-1,0.016403553090632454,1.0000224236495345,5.088360561190413,-7.113195047640004,8.745796532417634
1035.1,0.024609142453120045,5.815088001794707,1034.94,15/9-F-1,0.0049785921110167665,1.000002065536737,5.904087455236125,-7.545362926161953,9.580748946015435
1089.9,0.041887902047863905,5.483649976840984,1089.7,15/9-F-1,0.020267291721169735,1.0000342316655872,7.30560939228419,-8.672321060649574,11.339359821948378
1122.7,0.04852015320544236,5.2565826411565215,1122.47,15/9-F-1,0.012177107121151618,1.0000123570113857,8.19613072631804,-9.84528135929745,12.810391247991786
1176.18,0.05759586531581287,5.1155600375953805,1175.89,15/9-F-1,0.01173989099292994,1.0000114855783437,9.471507278639603,-12.370730086054749,15.580257154211
1240.16,0.053581608036225914,5.211553146455069,1239.76,15/9-F-1,0.006671869639481983,1.000003709503553,11.014112790515048,-15.568777834938547,19.070855351448213
1360.89,0.05759586531581287,5.124984815556149,1360.3,15/9-F-1,0.00626226273182649,1.0000032680073594,13.955064831248256,-21.59048754196927,25.70783901350466
1494.09,0.053581608036225914,5.1089277864378015,1493.31,15/9-F-1,0.004113068150446153,1.0000014097798526,16.869973903036243,-28.392597205981023,33.02628643353965
1625.33,0.049567350756638956,5.068610680716733,1624.38,15/9-F-1,0.004520617103217648,1.0000017030017296,19.361152367374928,-34.68141584032109,39.71970324262232
1757.22,0.04834562028024293,5.115036438819781,1756.1,15/9-F-1,0.002580260072383606,1.0000005548122062,21.749413812680316,-40.6757200655326,46.12538567908979
1889.11,0.053407075111026485,5.009793084924524,1887.83,15/9-F-1,0.007360759304584071,1.0000045150892583,24.02980527369357,-46.97350897781974,52.76307503530232
2022.64,0.06998770300497262,5.328839272189087,2021.1,15/9-F-1,0.025529789549884697,1.000054317719808,27.773707093577606,-54.191005319042176,60.89370955368297
2154.86,0.1069886831472524,5.54665636283798,2152.79,15/9-F-1,0.04149866062153087,1.0001435362884408,35.6773946961545,-62.70642468443221,72.1454931995725
2287.07,0.14381513036433277,5.6672586141507875,2283.96,15/9-F-1,0.039732253496724164,1.0001315751018292,48.64161612012239,-72.92281257160928,87.65696442457615
2362.2,0.16702800941585735,5.62641790965412,2358.2,15/9-F-1,0.0240546683852606,1.0000482217128344,57.98261033372579,-79.84656992829343,98.67855810877325
2419.29,0.18692476288859272,5.599190773323008,2414.4,15/9-F-1,0.020465229742272467,1.000034903597553,65.85278967014635,-86.0963470699472,108.39359245882267
2482.94,0.18133970928221085,5.588195199035445,2476.97,15/9-F-1,0.0059377424031002695,1.0000029380757625,74.84504644417751,-93.50906448271193,119.77364533845945
2621.06,0.17243853009703977,5.593780252641826,2612.93,15/9-F-1,0.008956236565427211,1.000006684568071,93.55470401396178,-109.02226449938257,143.6604914362795
2750.33,0.17523105690023066,5.510353514396498,2740.26,15/9-F-1,0.014693834967805436,1.0000179927873187,110.1799418151904,-123.9439591540834,165.83643926829785
2847.77,0.1947787445225672,5.405808292202037,2836.02,15/9-F-1,0.027398215668983778,1.0000625598812918,122.28880742642015,-137.12682022524342,183.73436599303437
2881.23,0.19687313962496036,5.417676531115599,2868.86,15/9-F-1,0.003118542313150953,1.0000008104429683,126.47987424964793,-142.10884767503916,190.24216981977008
3011.81,0.18675022996339324,5.511051646097295,2997.05,15/9-F-1,0.02046811178693298,1.0000349134293534,143.4438988936348,-160.2908450744125,215.1030151915045
3277.56,0.15498523757709648,5.582959211279461,3258.92,15/9-F-1,0.034018238924209264,1.0000964478763137,176.8065460686899,-190.72280133533826,260.06872492081527
3542.65,0.1583013631558857,5.590987725838635,3520.77,15/9-F-1,0.0035457430317379105,1.0000010476924546,208.5381151920381,-217.2428312517658,301.1355064055565
3675.85,0.19861846887695472,5.448219793025499,3651.84,15/9-F-1,0.047525734476194514,1.0001882671437201,225.44422973290716,-233.68785404315713,324.70773604452313
3808.4,0.20699604928652748,5.368807312059757,3781.66,15/9-F-1,0.018050799980133685,1.00002715349974,242.53467246338207,-254.17233874612904,351.32128476737216
3940.29,0.2040289895581371,5.3710762400873495,3910.79,15/9-F-1,0.0030039681505437516,1.000000751986066,258.9842269107339,-275.4751344530416,378.0996951737357
4072.83,0.21711895894809458,5.399350573969659,4040.39,15/9-F-1,0.014362029600347525,1.000017189345748,276.25666373733594,-297.13146706498844,405.7152363166508
4205.38,0.21048670779051615,5.4038884300248435,4169.91,15/9-F-1,0.0067027594105840875,1.0000037439321299,294.1412058834214,-318.836400699822,433.79223069318647
4338.58,0.18936822384138474,5.414884004312407,4300.49,15/9-F-1,0.021231773540159156,1.0000375673774655,311.11567358153474,-339.1242600444639,460.21541271321763
4381.89,0.17749998492782332,5.399001508119259,4343.04,15/9-F-1,0.01221735439204004,1.0000124388313618,316.17340067310107,-345.19267468265843,468.10640024225364
4550.85,0.13369222070276565,5.758364801104892,4510.01,15/9-F-1,0.07019867323323976,1.0004108569424548,335.38239326699556,-362.3784472448784,493.7605581059576
4685.04,0.1827359726838063,6.034301355845195,4642.52,15/9-F-1,0.06510817495389117,1.0003534060160162,354.94590253375924,-369.8655409614533,512.6276544590756
4817.26,0.21258110289290932,0.11082840750163991,4772.21,15/9-F-1,0.07616624557031672,1.0004837220371465,380.46418291090515,-371.2827481820643,531.6049976963054
4949.8,0.23771384412162766,0.3937462792499207,4901.44,15/9-F-1,0.06770363189771628,1.0003821569877247,408.78230514716023,-363.74644579422716,547.1877646926681
5089.57,0.27035150113392165,0.5222025121967034,5036.75,15/9-F-1,0.045846534625394474,1.0001751955526248,440.1618148796412,-348.1205941495261,561.1865744555536
5213.58,0.31066860685499065,0.5691518690753509,5155.54,15/9-F-1,0.04249154450820636,1.0001504881173842,470.48563107638637,-329.6430107613462,574.474754530737
5346.13,0.35325464060365225,0.5878268920716901,5280.84,15/9-F-1,0.04301801591519317,1.0001542410175697,506.6368793059654,-306.00606965997315,591.878908343279
5457.35,0.4092797095926703,0.5885250237724879,5384.09,15/9-F-1,0.05602666813369389,1.0002616644316265,541.0619225455805,-283.0462062828089,610.6252196886484
5611.55,0.4649557127312894,0.5893976883984852,5523.75,15/9-F-1,0.05567822407397825,1.0002584188314732,595.3333687358227,-246.78799445978245,644.4580158084967
5742.45,0.512777734235934,0.6359979794267336,5639.34,15/9-F-1,0.05258197416479875,1.0002304690556918,645.5717510758903,-211.3946126222436,679.3015295381718
5874.02,0.5232497097479,0.6379178416039274,5753.61,15/9-F-1,0.01051603134172924,1.0000092156781784,697.9438764664714,-172.64763605778765,718.9804315371784
6007.55,0.5246459731494955,0.638965039155124,5869.23,15/9-F-1,0.001492320983581103,1.0000001855852012,751.5902532691214,-132.83531496800475,763.2385798109207
6138.78,0.5241223743738972,0.641757565958315,5982.84,15/9-F-1,0.0014939877136463137,1.0000001859999823,804.2771458351601,-93.57807003725091,809.7027741737385
6271.65,0.5211553146455068,0.6176720222807932,6097.97,15/9-F-1,0.012384193880301379,1.0000127808841903,857.8758453771155,-54.51933198077455,859.6064934847401
6404.86,0.5197590512439113,0.6075491126192262,6213.55,15/9-F-1,0.0052249238517473795,1.0000022749919821,912.0711025893238,-16.42976811630053,912.2190709795867
6538.06,0.5222025121967034,0.6150540284028018,6329.07,15/9-F-1,0.00446461017604704,1.0000016610653129,966.3618260560564,21.620966460544174,966.6036649263667
6651.25,0.5216789134211051,0.613134166225608,6427.2,15/9-F-1,0.0010920249284142622,1.000000099376549,1012.4837477889354,54.138353430636684,1013.930126216254
6779.2,0.5222025121967034,0.6073745796940266,6538.12,15/9-F-1,0.0029198624330524147,1.0000007104669915,1064.7606356552117,90.69535155264958,1068.6163287326976
6934.71,0.5201081170943103,0.623257075887175,6672.97,15/9-F-1,0.008181198895573718,1.00000557770528,1127.9847464385277,135.38463554618258,1136.0803614797512
7069.23,0.5209807817203074,0.6072000467688272,6789.67,15/9-F-1,0.008034475996616604,1.000005379435104,1182.61998638698,173.99650500674323,1195.3513357822887
7199.15,0.520806248795108,0.645422757387503,6902.36,15/9-F-1,0.019022665705046075,1.000030156242117,1234.9955857135362,211.88899100500166,1253.040718109766
7331.69,0.5199335841691107,0.66793750473823,7017.36,15/9-F-1,0.011229139751556554,1.000010507930795,1287.1867423631847,252.1171696770101,1311.6450651611106
7464.24,0.5237733085234983,0.6520550085450815,7132.28,15/9-F-1,0.008800104621603829,1.0000064535367565,1339.3849439946148,292.625919731523,1370.9784670439492
7565.29,0.5229006438975011,0.6215117466351807,7219.82,15/9-F-1,0.015290180486115152,1.0000194829237654,1379.9849622045124,322.65263249454296,1417.202602723495
7862.53,0.5246459731494955,0.6169738905799955,7477.2,15/9-F-1,0.0028640930322895715,1.0000006835863022,1501.0455335148226,408.939930338648,1555.7536952584035
7994.42,0.5269149011770881,0.621162680784782,7591.27,15/9-F-1,0.003094168950965254,1.000000797824222,1554.9549746144476,447.35092126842596,1618.0259020911647
8106.3,0.5274384999526863,0.6429792964347111,7687.96,15/9-F-1,0.010989156584062444,1.0000100635850653,1600.364678555721,480.6044025426017,1670.9720811886975
8258.53,0.5279620987282847,0.6386159733047252,7819.49,15/9-F-1,0.002259667961242749,1.0000004255084918,1661.812784298487,526.4313450092084,1743.2015635221574
8392.06,0.5269149011770881,0.6058037833672318,7934.88,15/9-F-1,0.01654869193713162,1.0000228222254104,1716.4192431377087,565.5990725755513,1807.207052086658
8487.53,0.5269149011770881,0.5770058507093254,8017.39,15/9-F-1,0.014482216446860326,1.0000174782493472,1756.270804061077,592.3630686857691,1853.4781202755437
8704.72,0.47211156266446613,0.34487706019407954,8208.23,15/9-F-1,0.12365173024528452,1.0012760970220693,1848.6339175135954,638.9088691966543,1955.9273770055497
8837.6,0.4614650542273008,0.25603980126756815,8326.9,15/9-F-1,0.041360449997195306,1.0001425816266316,1905.6964001089807,656.6183986567551,2015.6454278575113
8969.49,0.461988653002899,0.11135200627723822,8445.01,15/9-F-1,0.06441570282742325,1.0003459254359761,1963.33338688631,667.3245241604028,2073.644137408436
9102.03,0.46163958715250014,6.219655322406993,8563.75,15/9-F-1,0.0778448491128727,1.000505291244085,2022.1768529172698,668.7336090874184,2129.883533059373
9234.91,0.4614650542273008,6.10027480157058,8682.74,15/9-F-1,0.0531407190203275,1.000235394475617,2080.814044373169,661.4721530303236,2183.4221984067112
9367.78,0.46844637123527805,5.9742620295765905,8801.54,15/9-F-1,0.05690156152029882,1.0002699030311624,2138.4925284609544,646.9681006950847,2234.2153024273043
9498.36,0.5084144111059482,5.8344611564918445,8916.86,15/9-F-1,0.07673895238601262,1.0004910280630224,2195.239641951331,624.2066433057937,2282.260068252892
9631.23,0.5379104754646524,5.724330880691002,9031.99,15/9-F-1,0.062395799806813174,1.0003245626799524,2253.2560479854183,592.1193827148895,2329.7571077624225
9763.45,0.5886995566976873,5.635668154689689,9143.8,15/9-F-1,0.06939747571858527,1.0004015275134888,2311.276236733013,552.0008747013712,2376.2791940674388
9896.0,0.6426302305843121,5.525712411814048,9252.03,15/9-F-1,0.08325467016417847,1.000578012318648,2369.520594540057,502.4832050523819,2422.2132893924063
10028.22,0.6705554986162214,5.427799440777165,9356.79,15/9-F-1,0.06594691112740182,1.0003625739413158,2425.2745485256437,444.22993019039086,2465.6230179415556
10161.09,0.7131415323648831,5.317843697901522,9459.15,15/9-F-1,0.08202121546913263,1.0005610007307169,2477.119154434962,377.29328177843524,2505.6874357636316
10291.67,0.7948229413582176,5.267229149593687,9554.3,15/9-F-1,0.08870987133803518,1.0006563032515627,2526.0103074093095,302.51395534644814,2544.060291407699
10424.21,0.8639379797371931,5.261469563062105,9643.8,15/9-F-1,0.06924626557418055,1.0003997788048395,2577.2483236760454,219.2921269129942,2586.561029401203
10557.09,0.7812093731926618,5.25728077285732,9734.19,15/9-F-1,0.08278643178688233,1.0005715244768283,2627.8933274431292,136.14164098762603,2631.4174672276777
10688.65,0.7094763409356949,5.264087556940098,9830.84,15/9-F-1,0.07188214368474242,1.0004308094841905,2674.381224564718,60.00440959372318,2675.054291687362
10821.85,0.636521578202332,5.2686254129952825,9934.97,15/9-F-1,0.07301043816062232,1.000444447255217,2718.0423251517263,-10.595060753871266,2718.0629751035167
10953.74,0.5735151922053366,5.287824034767221,10043.44,15/9-F-1,0.06394438035437426,1.0003408796973337,2758.2242261262804,-73.92397832581109,2759.2146774329526
11085.96,0.4939281783143953,5.287300435991622,10157.25,15/9-F-1,0.07958845740955943,1.0005281947908768,2794.8067858233376,-130.35097745538243,2797.844946991836
11217.85,0.4120722363958612,5.294979884700397,10275.79,15/9-F-1,0.08192538871207711,1.0005596897634952,2826.3557830875716,-178.67051851183152,2831.997557692776
11350.72,0.3675663404700058,5.2852060408892285,10398.69,15/9-F-1,0.04466113559954382,1.0001662512469225,2853.9389660722018,-220.95855967907806,2862.4797479040303
11482.61,0.3675663404700058,5.266181952042491,10521.75,15/9-F-1,0.006837128962988222,1.000003895545915,2879.2455672985834,-261.02834298916815,2891.05358522671
11615.81,0.36686820876920806,5.2632148923141004,10646.1,15/9-F-1,0.0012746195683037782,1.0000001353879424,2904.3353254305594,-301.73936086579334,2919.9675211275094
11747.05,0.364424747816416,5.270196209322077,10768.64,15/9-F-1,0.003494048149096176,1.0000010173656142,2929.0344318024845,-341.63810137732946,2948.891197551583
11876.64,0.36459928074161546,5.278922855582048,10889.73,15/9-F-1,0.0031168751985136407,1.0000008095767035,2953.6588870622036,-380.72585513015395,2978.0955320281655
11916.01,0.36459928074161546,5.278922855582048,10926.51,15/9-F-1,1e-06,1.0000000000000835,2961.193422410563,-392.5709471093065,2987.1020125603145
478.67,0.0,0.0,478.67,15/9-F-5,1e-06,1.0000000000000835,0.0,0.0,0.0
479.0,0.0,0.0,479.0,15/9-F-5,1e-06,1.0000000000000835,0.0,0.0,0.0
508.2,0.0027925268031909274,3.857701245683067,508.2,15/9-F-5,0.0027935268031808696,1.0000006503165075,-0.03075615281016987,-0.026764201556977486,0.04077086485058952
640.75,0.004886921905584123,1.7130406608324344,640.75,15/9-F-5,0.0068199016304572955,1.0000038759395482,-0.2162855715749495,0.1723520542587018,0.2765586358779944
724.41,0.008203047484373348,0.9398598021989465,724.41,15/9-F-5,0.005813989705746348,1.0000028168825466,-0.04285199684455182,0.6517767023853036,0.6531838664616771
772.97,0.01117010721276371,0.7616616855703254,772.97,15/9-F-5,0.0034223010626445206,1.00000097601319,0.2709057123740644,0.9997651429473852,1.0358186356932881
905.51,0.026354471705114377,3.281742592524938,905.48,15/9-F-5,0.03602855551674093,1.0001081854441587,-0.9227141316123142,1.2666989301835039,1.5671399262366779
1038.06,0.038571776469074684,3.112096589231089,1037.96,15/9-F-5,0.013359082580379678,1.0000148723560356,-5.206693507925917,1.0981058668075203,5.321230476139423
1170.28,0.07173303225696695,3.0244810607809733,1169.98,15/9-F-5,0.03348048022871079,1.0000934223518183,-12.461359569785213,1.7269806034556257,12.580458828365103
1302.82,0.13369222070276565,3.0003955171034518,1301.8,15/9-F-5,0.06200492225266064,1.00032050742181,-25.928318998126535,3.5256405711427004,26.16692315702205
1435.37,0.1593485607070823,3.1220449659674565,1432.94,15/9-F-5,0.03116029579539197,1.000080921526703,-45.19022377022059,4.974518289576741,45.463195626967796
1567.59,0.18465583486100007,3.1433379828417873,1563.19,15/9-F-5,0.025567935883711687,1.0000544801735898,-67.81778178868066,5.158385254358646,68.01367851520378
1700.13,0.1980948701013564,3.0923743686835534,1693.31,15/9-F-5,0.01656730665517798,1.0000228735986418,-93.01231977222233,5.778811299776962,93.19166427019408
1832.35,0.20088739690454732,2.942276053012041,1822.93,15/9-F-5,0.029849448174345483,1.0000742557458093,-118.93941405524996,9.031066721094234,119.28178562516176
1964.9,0.21607176139689802,2.8098055627856713,1952.62,15/9-F-5,0.03131019740726227,1.000081702047967,-145.33825411171705,16.278431161058535,146.24703562570886
2097.44,0.2366666465704311,2.6553439239841725,2081.79,15/9-F-5,0.04026607895932634,1.0001351350031489,-172.51189802095337,28.16908386627729,174.79660249746613
2229.66,0.24958208303518914,2.5157175838246264,2210.14,15/9-F-5,0.035975183348309916,1.0001078651114854,-199.45250485574272,44.98012148878888,204.46151966171112
2362.2,0.2727949620867137,2.4090779665277733,2338.19,15/9-F-5,0.03598731600613489,1.00010793788836,-225.99624206133322,66.51149559835312,235.5803057824963
2494.75,0.32288591161895097,2.245366082690705,2464.9,15/9-F-5,0.06925875806896613,1.0003999231326848,-252.41684263515634,94.88736519518267,269.6625196789225
2626.97,0.3775147172063735,2.1294762203582818,2589.11,15/9-F-5,0.06748722064020707,1.000379716689663,-278.44530652614236,131.94770977963614,308.126576008186
2759.51,0.41643555952584704,2.043431488234961,2711.35,15/9-F-5,0.051171844163829534,1.0002182702917728,-303.60241351458114,176.5388790227524,351.1985212077191
2892.06,0.46844637123527805,1.989326281423137,2831.1,15/9-F-5,0.05692107800515934,1.0002700882692888,-327.9744355294405,227.76264855071508,399.3032111512399
3024.28,0.44209189953016365,2.04063896143177,2949.87,15/9-F-5,0.03468718517076295,1.0001002788001598,-352.91340896950993,280.259356513041,450.6586081986944
3156.82,0.3921754829231258,2.0771163427984516,3071.03,15/9-F-5,0.05205188233129138,1.000225844394962,-378.03880830201314,327.7007129348802,500.3010072350794
3289.37,0.34592425774527613,2.1319196813110737,3194.65,15/9-F-5,0.05028463830758743,1.0002107653639383,-402.28614323471123,368.8873857496924,545.8131955201349
3421.92,0.30019663134302466,2.144486051925433,3320.34,15/9-F-5,0.045901482632450606,1.000175615843726,-424.884649668136,404.3798768189949,586.557797919148
3554.13,0.2617993877991494,2.148674842130219,3447.34,15/9-F-5,0.03841573048331463,1.0001229988475264,-444.8422510722097,435.1330148846104,622.2743518590185
3686.68,0.30944687637859464,2.0758946123220556,3574.51,15/9-F-5,0.05184471418892726,1.0002240497543966,-463.98280775507385,467.1706926788599,658.428813153197
3819.23,0.37995817815916555,1.9889772155727379,3699.25,15/9-F-5,0.07632487881642615,1.0004857402298366,-483.7407288136545,507.3148217243085,700.9803285787217
3951.44,0.4560545335461183,1.9240509673985489,3820.08,15/9-F-5,0.08049735359909674,1.000540335458603,-503.7797549561711,557.0617209859986,751.0737663449459
4083.99,0.5166174585903216,1.8882717177326651,3937.24,15/9-F-5,0.06282213854906546,1.0003290149413306,-524.1033358930486,615.5668412325623,808.4595492164442
4216.54,0.5417501998190398,1.9189895125677654,4051.64,15/9-F-5,0.029530496673071723,1.000072677190636,-545.9841930016858,678.7945579494991,871.1261624526943
4349.08,0.4991641660703783,1.957212223186441,4166.63,15/9-F-5,0.046629962973270045,1.0001812355276856,-569.6031378654195,740.3101811594224,934.0807775532205
4481.3,0.44505895925855404,2.0053833105414847,4284.38,15/9-F-5,0.05835969648824099,1.000283917879865,-593.5196439690309,795.4541943347845,992.478182662937
4608.6,0.5187118536927148,2.001194520336698,4397.15,15/9-F-5,0.07367933531155625,1.0004526327574816,-618.2339410389538,849.010666818314,1050.253454278459
4613.85,0.5216789134211051,2.001019987411499,4401.71,15/9-F-5,0.002969327678108455,1.000000734742886,-619.322506435997,851.3822838251408,1052.8115501786053
4746.06,0.5427973973702365,1.9858356229191483,4515.65,15/9-F-5,0.022480836329316755,1.000042117795423,-646.8314643892763,912.571924342673,1118.560888115826
4878.61,0.5569345643113905,1.972571120603991,4628.64,15/9-F-5,0.0157458353536893,1.000020661456511,-674.3351398198665,976.142508542261,1186.4156429258073
5010.83,0.5572836301617894,1.972571120603991,4740.88,15/9-F-5,0.0003500658504863842,1.000000010212175,-701.6733389188473,1040.4848149908053,1254.9717625412827
5143.37,0.5701990666265475,1.9357446733869108,4852.92,15/9-F-5,0.023537500975264823,1.0000461703872523,-728.1478320683594,1106.1625185505352,1324.3091719050785
5275.59,0.5880014249968896,1.879719604397893,4963.58,15/9-F-5,0.03545016877076282,1.0001047393682574,-752.0360059127329,1174.4408177727573,1394.5857408707143
5408.14,0.5976007358828584,1.852667000991981,5073.52,15/9-F-5,0.017905034088882787,1.0000267167103223,-773.5860729025762,1245.2838478551325,1466.0038451237824
5540.68,0.610690705272816,1.8004816563573502,5182.61,15/9-F-5,0.032403301060129695,1.0000875070146524,-792.6112026431748,1318.1097008517008,1538.065571435373
5672.9,0.6262241356155654,1.7690657298214525,5290.32,15/9-F-5,0.023938077326804925,1.000047755365377,-808.8749086026704,1393.0146806028251,1610.82851916086
5805.45,0.6270968002415626,1.8041468477865386,5397.7,15/9-F-5,0.020591881616408843,1.000035336964087,-825.5193839927358,1468.9353732268612,1685.0084225501319
5937.66,0.6274458660919615,1.828581457314459,5504.76,15/9-F-5,0.014346607345346176,1.000017152448234,-844.38340190542,1544.2020126381312,1759.9838593717343
6070.21,0.6253514709895682,1.8544123302439752,5612.14,15/9-F-5,0.015287716346748833,1.0000194766444552,-865.1594664691571,1619.0727702703925,1835.7280675122445
6202.76,0.6291911953439557,1.9121827284849875,5719.46,15/9-F-5,0.034122130134534044,1.000097037945412,-889.0758015837056,1693.077724960679,1912.3200474083142
6334.97,0.6422811647339133,1.9451694513476803,5825.85,15/9-F-5,0.023557765035184124,1.0000462499245137,-916.5820143153293,1766.5940824428167,1990.22040012867
6467.52,0.6311110575211495,1.979726970537168,5932.41,15/9-F-5,0.02338581865290218,1.0000455772021084,-946.6506244219592,1839.4286300470592,2068.7303086084676
6600.07,0.6265732014659643,1.9849629582931512,6039.6,15/9-F-5,0.005485297132885436,1.000002507381264,-977.8390327240796,1910.8856461059588,2146.5444617832986
6732.28,0.6087708430956222,1.9968311972067123,6147.41,15/9-F-5,0.01908392407484631,1.0000303507852055,-1009.0614225363496,1980.7962950572698,2223.006728951509
6864.83,0.5846852994181004,1.9713493901275954,6257.02,15/9-F-5,0.028020128876943027,1.000065432439143,-1038.9894670069068,2048.997108594073,2297.365505003104
6997.05,0.5628686837681712,1.9367918709381076,6368.08,15/9-F-5,0.028770638934732393,1.0000689848489501,-1065.8442087362223,2115.542789358192,2368.870019841102
7129.27,0.5733406592801373,1.888969849433463,6479.53,15/9-F-5,0.027777822552225342,1.0000643055806828,-1089.6891527039274,2182.5487662107284,2439.455178192167
7261.81,0.5752605214573311,1.8142697574481057,6590.85,15/9-F-5,0.04062034844675487,1.0001375237506327,-1109.6292856385146,2251.69265311503,2510.2583444017955
7394.03,0.5782275811857214,1.7718582566246432,6701.67,15/9-F-5,0.023316164071934667,1.0000453060886234,-1125.516721137822,2322.006324618071,2580.40718901633
7526.57,0.5770058507093254,1.7235126363444004,6812.73,15/9-F-5,0.026425544239846666,1.0000581965129516,-1138.250280884737,2393.2307377121715,2650.1258584951256
7658.79,0.5806710421385135,1.6660913039537868,6923.39,15/9-F-5,0.03162341266182042,1.0000833450205455,-1147.1880539081278,2464.983527670328,2718.8571537900943
7791.34,0.5843362335677015,1.6392132334730742,7034.09,15/9-F-5,0.015234197767685692,1.0000193405139917,-1153.1470064760547,2537.652249256402,2787.369181988773
7923.88,0.5838126347921033,1.6238543360555244,7144.65,15/9-F-5,0.008486429469189616,1.000006001666985,-1157.5834651806213,2610.6019520907594,2855.7384388489886
8056.43,0.58171823968971,1.6044811813583872,7255.35,15/9-F-5,0.010866361262816841,1.0000098399334456,-1160.7472877708215,2683.4774700538483,2923.762233553529
8188.98,0.5691518690753509,1.6058774447599826,7366.54,15/9-F-5,0.012590319878254737,1.0000132098889511,-1163.2264664250163,2755.5680528117455,2991.0284361517433
8321.19,0.5567600313861911,1.577428577952475,7478.35,15/9-F-5,0.019597928694565208,1.0000320077967786,-1164.7077068741046,2826.1052008848565,3056.699960565376
8453.74,0.5496041814530144,1.5198327126366622,7591.14,15/9-F-5,0.031092788792544315,1.000080571248902,-1163.1763262318732,2895.7060701474898,3120.5917404548927
8586.29,0.5447172595474302,1.4767230801124023,7704.33,15/9-F-5,0.022954210412635276,1.000043910294922,-1158.186662223754,2964.4731567151466,3182.687141620688
8718.5,0.5461135229490257,1.465727505824838,7817.39,15/9-F-5,0.005873586661600048,1.000002874928274,-1151.3683150124598,3032.71955580892,3243.9230726083015
8851.05,0.5483824509766184,1.4985396957623314,7930.58,15/9-F-5,0.017223979990429274,1.0000247228573347,-1145.2639449221592,3101.4121823595124,3306.113583715275
8983.6,0.5415756668938405,1.4741050862344107,8043.9,15/9-F-5,0.014380544646436063,1.000017233695087,-1139.4713710847836,3169.877177491492,3368.459043227818
9105.97,0.5354670145118603,1.416160155068199,8148.98,15/9-F-5,0.030336958267618702,1.0000767013121452,-1131.6174699032433,3232.1213730866184,3424.4950968797643
9151.67,0.534943415736262,1.4098769697610194,8188.29,15/9-F-5,0.00324802515194184,1.0000008791398765,-1127.9553024414722,3255.139578089575,3445.0278427250787
9283.37,0.5391322059410484,1.373399588394338,8301.44,15/9-F-5,0.019126036011211905,1.0000304848862789,-1115.946081778804,3321.4280325221366,3503.8863898050886
9405.77,0.5386086071654501,1.3526301702956054,8406.5,15/9-F-5,0.010671887301574099,1.0000094908729722,-1102.9895556706294,3382.8859592603085,3558.1601106862845
9528.9,0.5445427266222308,1.3440780569608333,8512.01,15/9-F-5,0.007393431531300179,1.0000045552607177,-1088.9856946413408,3444.7931517596953,3612.8229546358866
9558.1,0.5560618996853934,1.3386675362796507,8536.91,15/9-F-5,0.011862537378268614,1.0000117268144406,-1085.5127030635915,3459.662819381157,3625.962582862763
9583.33,0.5609488215909775,1.336398608252058,8558.3,15/9-F-5,0.005033655621986903,1.0000021114794269,-1082.4221577371802,3472.6705564929503,3637.4549511290816
9605.22,0.5651376117957639,1.334304213149665,8576.8,15/9-F-5,0.004336397036201367,1.0000015670312181,-1079.6965164743006,3484.0322309525877,3647.495737352301
9693.44,0.5939355444536704,1.250004810278339,8650.62,15/9-F-5,0.05439312846056157,1.0002466240020513,-1066.37500362799,3530.434340992785,3687.9699408243227
9826.84,0.6372197099031297,1.072330292425316,8759.65,15/9-F-5,0.11121801710241389,1.0010320639021584,-1035.6012756132493,3600.7849496042377,3746.7482241736207
9962.01,0.641757565958315,0.9601056215220807,8868.14,15/9-F-5,0.06710562635653876,1.000375432821896,-993.1623158800674,3669.272498359269,3801.3066244253346
10094.19,0.6585127267774605,0.8435176274888594,8973.39,15/9-F-5,0.07250318043854449,1.0004382896621338,-943.566326411271,3731.9215148718113,3849.35781728594
10226.87,0.6476916854150957,0.761138086794727,9078.77,15/9-F-5,0.05120522837980388,1.0002185552559486,-887.5832329024485,3789.8667781908507,3892.4149562661305
10359.22,0.6236061417375739,0.6072000467688272,9185.37,15/9-F-5,0.09444399750160455,1.0007439693250415,-826.8929569685869,3839.491911538759,3927.5246786055727
10488.98,0.5969026041820608,0.5045746867515607,9291.73,15/9-F-5,0.06456445629720227,1.0003475256205852,-763.8324543547681,3878.7530648916295,3953.2474444097015
10619.65,0.5513495107050087,0.3728023282259888,9401.48,15/9-F-5,0.08476112210262138,1.0005991344336973,-699.7728746771256,3908.990331503501,3971.1317641097908
10675.16,0.5267403682518886,0.3323106895797203,9449.11,15/9-F-5,0.03220937260711785,1.000086462610332,-673.0405535936771,3918.8385558071245,3976.2141810096387
10755.71,0.4942772441647941,0.2892010570554604,9519.39,15/9-F-5,0.03869330416088786,1.0001247829977655,-635.5837595901984,3930.8940481363934,3981.9460987221983
10889.04,0.5394812717914472,0.39043015367113154,9635.33,15/9-F-5,0.06737934480522285,1.0003785031826677,-573.5799658604301,3952.9548402848277,3994.3517554877035
11021.03,0.6094689747964199,0.48031461014883947,9746.13,15/9-F-5,0.08529349100821305,1.0006066896700179,-508.68768931445885,3983.331003412912,4015.6803966464518
11149.84,0.7058111495065068,0.5393067388662478,9848.03,15/9-F-5,0.10283952152101389,1.000882263689822,-440.0844399590293,4021.853788926679,4045.8598855864916
11284.61,0.7806857744170635,0.5483824509766184,9947.24,15/9-F-5,0.07512653266083591,1.000470598599912,-362.0726755523523,4069.044690189922,4085.1219459331246
11415.09,0.8365363104808822,0.49183378321200205,10037.34,15/9-F-5,0.0692146105184009,1.0003994132055716,-280.16963242994257,4115.869016087072,4125.393651583021
11549.7,0.8840092661351279,0.45675266524691605,10125.13,15/9-F-5,0.05441026665968278,1.0002467794852576,-189.3962290236973,4162.429057127235,4166.735723223338
11679.36,0.9421287302265391,0.4038691889114879,10204.4,15/9-F-5,0.07161007432418579,1.0004275528125977,-96.14653855872507,4205.163396656496,4206.2623966481715
11816.44,0.9548696337660977,0.3893829561199349,10284.32,15/9-F-5,0.017346709099543764,1.0000250764476202,6.589162956951583,4248.187354691802,4248.192464758607
11949.05,0.9571385617936904,0.386590429316744,10360.79,15/9-F-5,0.0032184345266362676,1.0000008631942943,106.86560143325286,4289.170542144264,4290.501625261061
12081.46,0.962200016624474,0.3881612256435389,10436.78,15/9-F-5,0.005223390264960842,1.0000022736566916,207.27413808769938,4330.136448838971,4335.094489614243
12214.17,0.933227551041368,0.3846705671395502,10514.21,15/9-F-5,0.02911178641944534,1.0000706306616383,307.0949705866696,4370.752801122754,4381.527972007258
12341.77,0.9192649170254134,0.3846705671395502,10590.88,15/9-F-5,0.013963634015952683,1.0000162489064037,401.6399178114415,4409.028240263997,4427.284116365813
12434.71,0.9192649170254134,0.3846705671395502,10647.24,15/9-F-5,1e-06,1.0000000000000835,470.14113512601466,4436.760173607739,4461.599884015749
12440.94,0.9192649170254134,0.3846705671395502,10651.02,15/9-F-5,1e-06,1.0000000000000835,474.7329425702786,4438.619114265492,4463.934476253478
